{"sections":{"contact":{"type":"contact-template","settings":{"width":1200,"hide_ttl":true,"breadcrumb":false,"layout":"style1","map_address":"<iframe src=\"https:\/\/www.google.com\/maps\/embed?pb=!1m14!1m8!1m3!1d14682.293794517416!2d72.5094806!3d23.0760947!3m2!1i1024!2i768!4f13.1!3m3!1m2!1s0x0%3A0x99faa8682ccdff33!2sThe%20Capital!5e0!3m2!1sen!2sin!4v1658220562796!5m2!1sen!2sin\" width=\"600\" height=\"450\" style=\"border:0;\" allowfullscreen=\"\" loading=\"lazy\" referrerpolicy=\"no-referrer-when-downgrade\"><\/iframe>","contact_title":"Contact Us","contact_text_desc":"Get in touch and let us know how we can help. Have a question but aren’t sure who to contact? Get in touch and a member of our team will reach out to you.","show_phone":false,"show_subject":false,"store_opening_time":"<p><b>OPENING HOURS<\/b><\/p>\nMon - Sat : 9am - 11pm<br>\nSunday: 11am - 5pm","cnt_title":"","store_address":"<b>ADDRESS:<\/b><br>55 Gallaxy Enque, 2568 steet, 23568 NY","store_phone":"PHONE: +1 (440) 568 4568","store_email":"EMAIL: sales@yousite.com","show_socials":true,"socials_ttl":"<b>STAY CONNECTED<\/b>","form_bg":"#f8f8f8","form_text":"#111111"}}},"order":["contact"]}