{"sections":{"page":{"type":"page-template","settings":{"section_width":false,"hide_hdft":false,"breadcrumb":false,"bnr":true,"bheight":300,"bheightipad":200,"bheightmob":100,"bnr-wd":600,"show_collection_name":true,"ftTtl":42,"ftTtlm":20,"ttlft":"font2","ttlwt":"fw-700","ttlcase":"tt-u","ftTxt":15,"ttlclr":"#000000","clr_bg":"#f5f5f5","width":1200,"hide_ttl":true}},"1633855561f07462d6":{"type":"custom-content","blocks":{"1633855561f07462d6-0":{"type":"text","settings":{"image":"shopify:\/\/shop_images\/custom-banner.png","title":"We are Shopify experts. Need help growing your Shopify sales?","fs":18,"fsm":18,"fw":"600","lh":1.2,"text":"<p>We provide innovative solutions to expand your business. Let us take <br\/>your online shop to new dimension in success! Boost your store sales and define your brands with Avone.<\/p>","dfs":14,"dlh":1.3,"dfsm":13,"btntxt":"Read More","btnurl":"","btn-style":"btn","width":"wd50-md","alignment":"center","align_text":"left","eblock_bg":false,"block_bg":"#f5f5f5","bg_rad":0,"block_txt":"#333333"}},"9fe5e1d4-7ce0-4eb8-8194-05386b167a20":{"type":"text","settings":{"title":"","fs":25,"fsm":18,"fw":"600","lh":1.2,"text":"<p><strong>Design Quality<\/strong><br\/><br\/>First impressions of online store is 94% design related. Quality web design establishes trust and credibility. We provide high quality shopify themes.<br\/><br\/><strong>One Click Demo Installation<\/strong><br\/><br\/>It's very easy to install the demo just by a single click. It’s totally automatic and save your time.<br\/><br\/><strong>Top Quality Documentation<\/strong><br\/><br\/>Extensive documentation where each section of the theme and its features are described in a easy way to understand.<\/p>","dfs":14,"dlh":1.3,"dfsm":13,"btntxt":"Read More","btnurl":"","btn-style":"btn","width":"wd25-md","alignment":"top-middle","align_text":"left","eblock_bg":false,"block_bg":"#f5f5f5","bg_rad":0,"block_txt":"#333333"}},"bd305d26-e06b-47a7-834e-7c15524d8ca8":{"type":"text","settings":{"title":"","fs":25,"fsm":18,"fw":"600","lh":1.2,"text":"<p><strong>Unlimited power and customization possibilities<\/strong><br\/><br\/>Save time and frustration by visually editing your site. Build professional layouts in just a few minutes.<br\/><br\/><strong>High Speed & Performance<\/strong><br\/><br\/>Performance matters the most for your online shop ! We leverage the strategy and help you earn maximum ROI.<br\/><br\/><strong>Top Notch Support<\/strong><br\/><br\/>Get the best technical support in 24 hours. If you have questions or problems, we are glad to help you<\/p>","dfs":14,"dlh":1.3,"dfsm":13,"btntxt":"Read More","btnurl":"","btn-style":"btn","width":"wd25-md","alignment":"top-middle","align_text":"left","eblock_bg":false,"block_bg":"#f5f5f5","bg_rad":0,"block_txt":"#333333"}}},"block_order":["1633855561f07462d6-0","9fe5e1d4-7ce0-4eb8-8194-05386b167a20","bd305d26-e06b-47a7-834e-7c15524d8ca8"],"settings":{"title":"","subtitle":"","top-offeset":"none","section_width":false,"hide_mobile":false,"section_cov":false,"sec_bg_clr":"#fafafa","bgg":"","grid-spacing":40,"grid-spacing-mbl":15,"prbox_style":"style1","btn-size-desk":"btn-sm","btn-size-mob":"mob-btn-sm"}},"1633855612843bbac0":{"type":"collection-list","blocks":{"1633855612843bbac0-1":{"type":"featured_collection","settings":{"collection":"hot-collection","collection_image":"shopify:\/\/shop_images\/lb1_1.jpg","collection_name":"HOT COLLECTION","collection_btn":"Shop Now","url":""}},"1633855612843bbac0-0":{"type":"featured_collection","settings":{"collection":"women","collection_image":"shopify:\/\/shop_images\/lb4_1.jpg","collection_name":"WOMEN","collection_btn":"Shop Now","url":""}},"1633855612843bbac0-2":{"type":"featured_collection","settings":{"collection":"beachwear","collection_image":"shopify:\/\/shop_images\/lb5_1.jpg","collection_name":"BEACHWEAR","collection_btn":"Shop Now","url":""}},"1633855612843bbac0-3":{"type":"featured_collection","settings":{"collection":"men","collection_image":"shopify:\/\/shop_images\/lb10_1.jpg","collection_name":"MEN","collection_btn":"Shop Now","url":""}}},"block_order":["1633855612843bbac0-1","1633855612843bbac0-0","1633855612843bbac0-2","1633855612843bbac0-3"],"settings":{"title":"FEATURED COLLECTION","subtitle":"Top Rated Shopify themes and Services from certified Shopify Experts","top-offeset":"default","section_width":false,"npd":false,"section_cov":true,"sec_bg_clr":"#fff8f7","bgg":"","hide_mobile":false,"grid-spacing":20,"grid-spacing-mbl":10,"grid":4,"tablet-grid":3,"mobile-grid":2,"style":"style4","enable_carousel":true,"autoplay":false,"speed":5,"textalign":"tc","leftpadzero":false,"product_count":false,"img_rad":0,"disable_zoom":false,"tfs":14,"tfsm":13,"tff":"ft1","tfw":"600","tlh":1.6,"cl":"#222222","bg":"#ffffff","opt":0,"bdr":0,"show_buttons":false,"btn-style":"btn","btn-size-desk":"btn-sm","btn-size-mob":"mob-btn-sm"}},"16338560678563d0cd":{"type":"store-features","blocks":{"16338560678563d0cd-0":{"type":"text_block","settings":{"image":"shopify:\/\/shop_images\/truck.jpg","icons":"ad-truck-l","title":"FREE SHIPPING","text":"<p>Lorem Ipsum hasbeen standard daand scrambled.<\/p>","texturl":""}},"16338560678563d0cd-1":{"type":"text_block","settings":{"image":"shopify:\/\/shop_images\/support.jpg","icons":"ad-truck-l","title":"24\/7 SUPPORT","text":"<p>Lorem Ipsum hasbeen standard daand scrambled.<\/p>","texturl":""}},"16338560678563d0cd-2":{"type":"text_block","settings":{"image":"shopify:\/\/shop_images\/SECURE.jpg","icons":"ad-truck-l","title":"SECURE PAYMENT","text":"<p>Lorem Ipsum hasbeen standard daand scrambled.<\/p>","texturl":""}},"5b983997-0cec-418a-9802-a4e2764f612b":{"type":"text_block","settings":{"image":"shopify:\/\/shop_images\/money.jpg","icons":"ad-truck-l","title":"MONEY GAURNTEE","text":"<p>Lorem Ipsum hasbeen standard daand scrambled.<\/p>","texturl":""}}},"block_order":["16338560678563d0cd-0","16338560678563d0cd-1","16338560678563d0cd-2","5b983997-0cec-418a-9802-a4e2764f612b"],"settings":{"title":"WHY BUY FROM US?","subtitle":"","top-offeset":"default","section_width":false,"section_cov":false,"sec_bg_clr":"#fafafa","bgg":"","hide_mobile":false,"style":"style1","icon-type":"image","icons_clr":"#a9a9a9","isz":40,"tcl":"#111111","tfs":14,"tfsm":12,"tfw":"600","tlh":1.2,"cl":"#333333","border_sep":"rgba(0,0,0,0)"}}},"order":["page","1633855561f07462d6","1633855612843bbac0","16338560678563d0cd"]}