{"sections":{"page":{"type":"page-template","settings":{"section_width":false,"hide_hdft":false,"breadcrumb":false,"bnr":true,"bheight":240,"bheightipad":180,"bheightmob":150,"bnr-wd":600,"show_collection_name":true,"ftTtl":28,"ftTtlm":20,"ttlft":"font2","ttlwt":"fw-700","ttlcase":"tt-u","ftTxt":15,"ttlclr":"#000000","clr_bg":"#f5f5f5","width":1200,"hide_ttl":true}},"16338545239476adca":{"type":"custom-content","blocks":{"16338545239476adca-0":{"type":"text","settings":{"title":"","fs":25,"fsm":18,"fw":"600","lh":1.2,"text":"<p><strong>Shopify<\/strong> is a commerce platform that allows anyone to set up an online store and sell their products. Merchants can also sell their products in person with Shopify POS.<br\/><br\/>Shopify started over ten years ago when our founder Tobi wanted to sell snowboards with his company at that time called Snowdevil. He quickly realized it was incredibly challenging to sell snowboards online without an easy to use <strong>ecommerce platform<\/strong>. So he decided to create it himself, and Shopify was born.<br\/><br\/>Shopify is now the leading commerce platform designed for businesses of all sizes. Whether you sell online, on social media, in store, or out of the trunk of your car, Shopify has you covered. The first Shopify store was our own, and it’s been our mission to make commerce better for everyone ever since.<\/p>","dfs":14,"dlh":1.6,"dfsm":14,"btntxt":"Read More","btnurl":"","btn-style":"btn","width":"wd50-md","alignment":"top-middle","align_text":"left","eblock_bg":false,"block_bg":"#f5f5f5","bg_rad":0,"block_txt":"#000000"}},"e4c03b4c-01c2-4638-a22f-3e088fc3ddda":{"type":"text","settings":{"title":"","fs":25,"fsm":18,"fw":"600","lh":1.2,"text":"<p>Whether you’re a budding jewelry designer and want to start selling your products, or a musician and want to sell your latest mixtape, or if you have an established business and want to grow, Shopify can help you. Hundreds of thousands of entrepreneurs from over 175 countries trust Shopify to help sell their products.<br\/><br\/>Below you’ll find the different products or services that you can sell on Shopify. Even if you know what you’re selling already, it may give you some ideas for other services you could sell to grow your business.<\/p>","dfs":14,"dlh":1.3,"dfsm":14,"btntxt":"Read More","btnurl":"","btn-style":"btn","width":"wd50-md","alignment":"top-middle","align_text":"left","eblock_bg":false,"block_bg":"#f5f5f5","bg_rad":0,"block_txt":"#000000"}},"6a46b443-05ba-4787-b513-e808cda91df6":{"type":"text","settings":{"title":"OUR MISSION","fs":18,"fsm":18,"fw":"600","lh":1.2,"text":"<p>Duis aute irure dolor in eprehenderit in voluptate velit esse cillum dolore eu fugiat nulla pariatur. Excepteur sint occaecat cupidatat non proident, sunt in culpa<\/p>","dfs":14,"dlh":1.6,"dfsm":14,"btntxt":"Read More","btnurl":"","btn-style":"btn","width":"wd50-md","alignment":"f-asc","align_text":"tc","eblock_bg":true,"block_bg":"#fcf3fb","bg_rad":0,"block_txt":"#000000"}},"c16f4e2f-5995-4eca-bc1b-49df22daf4db":{"type":"video","settings":{"video_url":"","mp4video":"shopify:\/\/files\/videos\/about-new.mp4","enable_cntrl":false,"is_autoplay":true,"title":"","color_ttl":"#ffffff","tfs":20,"bfw":"600","blh":1.2,"tfsm":12,"text_align":"left","bg_rad":0,"width":"wd50-md","alignment":"center"}}},"block_order":["16338545239476adca-0","e4c03b4c-01c2-4638-a22f-3e088fc3ddda","6a46b443-05ba-4787-b513-e808cda91df6","c16f4e2f-5995-4eca-bc1b-49df22daf4db"],"settings":{"title":"Our Story","subtitle":"Est. 2017","top-offeset":"default","section_width":false,"hide_mobile":false,"section_cov":false,"sec_bg_clr":"#fafafa","bgg":"","grid-spacing":30,"grid-spacing-mbl":10,"prbox_style":"style1","btn-size-desk":"btn-sm","btn-size-mob":"mob-btn-sm"}},"65bb3506-c336-4af7-a45e-bf89aa51e3db":{"type":"banner-with-text","blocks":{"template--14890590109763__65bb3506-c336-4af7-a45e-bf89aa51e3db-1680075627621d8f2f-0":{"type":"row","settings":{"image":"shopify:\/\/shop_images\/about.jpg","layout":"left","title":"WHY US?","tcl":"#000000","text":"<p>Avone comes with easy-to-use interface and outstanding support. You can implement your own design. You can easily change the store's appearance as per your requirements using our ready sections and options available.<\/p>","cl":"#000000","button_label":"READ MORE","button_link":"\/","btncl":"#ffffff","btnbg":"#000000","btnbd":"#000000","text_align":"text-left","bg":"#ecf5f1"}},"d5f5e771-b880-428a-bb07-aee8d45bb605":{"type":"row","settings":{"image":"shopify:\/\/shop_images\/our-vision.jpg","layout":"right","title":"OUR VISION","tcl":"#000000","text":"<p>Professional and attractive design is crucial for the success of an online store, which is why we always strive for excellence in every theme we create. From sleek and modern designs to elegant and classic ones, our themes cater to a variety of aesthetics to suit the needs of different businesses.<\/p>","cl":"#000000","button_label":"READ MORE","button_link":"\/","btncl":"#ffffff","btnbg":"#000000","btnbd":"#000000","text_align":"text-left","bg":"#f8eee6"}}},"block_order":["template--14890590109763__65bb3506-c336-4af7-a45e-bf89aa51e3db-1680075627621d8f2f-0","d5f5e771-b880-428a-bb07-aee8d45bb605"],"settings":{"top-offeset":"default","section_width":false,"npd":true,"section_cov":false,"sec_bg_clr":"#fafafa","bgg":"","bg_rad":0,"tfs":18,"tfsm":18,"tff":"ft1","tfw":"600","tlh":1.2,"tmb":15,"tmbm":10,"fs":14,"fsm":12,"fw":"400","lh":1.6,"mb":15,"mbm":10,"img_rad":0,"btn-size-desk":"btn-md","btn-size-mob":"mob-btn-sm","snow_effect":false,"snow_style":"style1"}},"1633854914ca5a5c77":{"type":"custom-content","blocks":{"1633854914ca5a5c77-0":{"type":"text","settings":{"title":"FOUNDERS","fs":18,"fsm":18,"fw":"600","lh":1.2,"text":"<p>Duis aute irure dolor in reprehenderit in voluptate velit esse cillum dolore eu fugiat nulla pariatur.<\/p>","dfs":14,"dlh":1.6,"dfsm":14,"btntxt":"Read More","btnurl":"","btn-style":"btn","width":"wd25-md","alignment":"center","align_text":"left","eblock_bg":false,"block_bg":"#f5f5f5","bg_rad":0,"block_txt":"#000000"}},"47c39c84-5f8b-42fb-a361-2bd86810119a":{"type":"text","settings":{"image":"shopify:\/\/shop_images\/demo2-about-2.jpg","title":"ANDREA SWIFT","fs":16,"fsm":16,"fw":"600","lh":1.2,"text":"<p>DIRECTOR<\/p>","dfs":13,"dlh":1.3,"dfsm":14,"btntxt":"Read More","btnurl":"","btn-style":"btn","width":"wd25-md","alignment":"top-middle","align_text":"center","eblock_bg":false,"block_bg":"#f5f5f5","bg_rad":0,"block_txt":"#000000"}},"b862fbcb-5921-45cb-b752-6f89c1a31a67":{"type":"text","settings":{"image":"shopify:\/\/shop_images\/demo2-about-1.jpg","title":"SIMONA HALEP","fs":16,"fsm":16,"fw":"600","lh":1.2,"text":"<p>FOUNDER & CEO<\/p>","dfs":13,"dlh":1.3,"dfsm":14,"btntxt":"Read More","btnurl":"","btn-style":"btn","width":"wd25-md","alignment":"top-middle","align_text":"center","eblock_bg":false,"block_bg":"#f5f5f5","bg_rad":0,"block_txt":"#000000"}},"496c6c9c-2a77-4357-9a35-f2dcef8c19db":{"type":"text","settings":{"image":"shopify:\/\/shop_images\/demo2-about-3.jpg","title":"STIVE SMITH","fs":16,"fsm":16,"fw":"600","lh":1.2,"text":"<p>CO FOUNDER<\/p>","dfs":13,"dlh":1.3,"dfsm":14,"btntxt":"Read More","btnurl":"","btn-style":"btn","width":"wd25-md","alignment":"top-middle","align_text":"center","eblock_bg":false,"block_bg":"#f5f5f5","bg_rad":0,"block_txt":"#000000"}}},"block_order":["1633854914ca5a5c77-0","47c39c84-5f8b-42fb-a361-2bd86810119a","b862fbcb-5921-45cb-b752-6f89c1a31a67","496c6c9c-2a77-4357-9a35-f2dcef8c19db"],"settings":{"title":"","subtitle":"","top-offeset":"default","section_width":false,"hide_mobile":false,"section_cov":false,"sec_bg_clr":"#fafafa","bgg":"","grid-spacing":30,"grid-spacing-mbl":10,"prbox_style":"style1","btn-size-desk":"btn-sm","btn-size-mob":"mob-btn-sm"}}},"order":["page","16338545239476adca","65bb3506-c336-4af7-a45e-bf89aa51e3db","1633854914ca5a5c77"]}