{"sections":{"page":{"type":"page-template","settings":{"section_width":false,"hide_hdft":false,"breadcrumb":false,"bnr":true,"bheight":300,"bheightipad":200,"bheightmob":100,"bnr-wd":600,"show_collection_name":true,"ftTtl":42,"ftTtlm":20,"ttlft":"font2","ttlwt":"fw-700","ttlcase":"tt-u","ftTxt":15,"ttlclr":"#000000","clr_bg":"#f5f5f5","width":1200,"hide_ttl":true}},"16337695579db422ae":{"type":"richtext","settings":{"top-offeset":"default","fullwidth":false,"section_cov":false,"sec_bg_clr":"#fafafa","bgg":"","max-width":700,"img_rad":0,"title":"ABOUT US","tcl":"#000000","tfs":26,"tfsm":20,"tff":"ft1","tfw":"700","tlh":1.3,"richtxt":"<p>As a certified Shopify Partner, we have been consistently creating top-performing premium Shopify themes since 2017. With over 15,000 satisfied merchants, our themes are highly praised for their user-friendly interface, strong capabilities, and dependable performance. Our carefully crafted themes provide all the necessary features to ensure the success of your Shopify store in an effortless manner.<\/p>","cl":"#000000","fs":14,"fsm":13,"lh":1.7,"btntxt":"","btnurl":"","btn-style":"btn","btntxt1":"","btnurl1":"","btn-style2":"btn","btn-size-desk":"btn-sm","btn-size-mob":"mob-btn-sm","txt_align":"tc"}},"1633769564023b4dfb":{"type":"banner-with-text","blocks":{"1633769564023b4dfb-0":{"type":"row","settings":{"image":"shopify:\/\/shop_images\/our-mission.jpg","layout":"left","title":"Our Mission","tcl":"#000000","text":"<p>We strive to deliver premium shopify themes that are not only visually appealing but also optimized for driving conversions and maximizing your business's success. <\/p>","cl":"#000000","button_label":"","button_link":"","btncl":"#ffffff","btnbg":"#000000","btnbd":"#000000","text_align":"text-left","bg":"#fafafa"}},"3a7419a4-8a61-43ec-b2d7-43113cc5cbdc":{"type":"row","settings":{"image":"shopify:\/\/shop_images\/our-vision.jpg","layout":"right","title":"Our Vision","tcl":"#000000","text":"<p>Our goal is to create top-quality Shopify themes that look great and help your business succeed. We focus on making themes that not only look good but also help you make more sales and grow your business. By using our themes, you can improve the way your online store looks and increase your chances of attracting more customers. We work hard to ensure that our themes are both beautiful and effective, so you can achieve your business goals.<\/p>","cl":"#000000","button_label":"","button_link":"","btncl":"#ffffff","btnbg":"#000000","btnbd":"#000000","text_align":"text-left","bg":"#f5f5f5"}},"679037ac-fdf7-4af6-9a62-df6890f32c60":{"type":"row","settings":{"image":"shopify:\/\/shop_images\/about-home.jpg","layout":"left","title":"The Founder","tcl":"#000000","text":"<p>As a Shopify theme developer, I am deeply passionate about creating unique and functional designs for online stores. By staying updated on the latest trends and technologies, I strive to deliver high-quality themes that help businesses succeed in the competitive e-commerce landscape. My dedication to this craft drives me to constantly improve and innovate in order to provide the best solutions for my clients' online stores.<\/p>","cl":"#000000","button_label":"Read More","button_link":"\/","btncl":"#ffffff","btnbg":"#000000","btnbd":"#000000","text_align":"text-left","bg":"#fafafa"}}},"block_order":["1633769564023b4dfb-0","3a7419a4-8a61-43ec-b2d7-43113cc5cbdc","679037ac-fdf7-4af6-9a62-df6890f32c60"],"settings":{"top-offeset":"default","section_width":false,"npd":true,"section_cov":false,"sec_bg_clr":"#fafafa","bgg":"","bg_rad":0,"tfs":22,"tfsm":22,"tff":"ft1","tfw":"600","tlh":1.3,"tmb":15,"tmbm":10,"fs":14,"fsm":12,"fw":"400","lh":1.6,"mb":15,"mbm":10,"img_rad":0,"btn-size-desk":"btn-md","btn-size-mob":"mob-btn-sm","snow_effect":false,"snow_style":"style1"}}},"order":["page","16337695579db422ae","1633769564023b4dfb"]}