{
  "sections": {
    "product": {
      "type": "product-template",
      "blocks": {
        "title": {
          "type": "title",
          "settings": {
            "cl": "#444444",
            "fs": 22,
            "fsm": 18,
            "ff": "ft2",
            "fw": "600",
            "transform": "tt-c",
            "bm": 10
          }
        },
        "3794d304-5ede-42ea-872e-bc1da0adbb2c": {
          "type": "ras",
          "settings": {
            "availability": true,
            "sku": true,
            "bm": 20
          }
        },
        "price": {
          "type": "price",
          "settings": {
            "pcl": "#333333",
            "pcls": "#e95144",
            "fs": 25,
            "fsm": 18,
            "pfw": "600",
            "saved": true,
            "taxship": true,
            "bm": 20
          }
        },
        "a2aade4c-547b-4aba-aacc-5d7c2f763857": {
          "type": "countdown",
          "settings": {
            "cstyle": "cst1",
            "lbl": "Hurry up! Sales End In",
            "lcl": "#000000",
            "cl": "#060101",
            "bg": "#f5f5f5",
            "bgg": "",
            "bd": "#dddddd",
            "bdr": 0,
            "nfs": 22,
            "tfs": 11,
            "bm": 20
          }
        },
        "680b2e1a-82d6-4aad-9a5b-3344aae6a5aa": {
          "type": "qty",
          "settings": {
            "maxqty": 20,
            "fs": 13,
            "fstl": "normal",
            "fw": "500",
            "instock": "#54c63a",
            "lstock": "#f4af29",
            "ostock": "#ee1111",
            "bgadd": true,
            "cl": "#ffffff",
            "bdr": 0,
            "bm": 20
          }
        },
        "43d9e0cf-f5b3-4270-bd73-3845bf580da3": {
          "type": "more-color",
          "settings": {
            "title": "More colors",
            "cl": "#000000",
            "fs": 16,
            "fsm": 16,
            "fw": "600",
            "wd": 100,
            "bd": "#000000",
            "bm": 15
          }
        },
        "variants_Tn3fbd": {
          "type": "variants",
          "settings": {
            "bm": 20
          }
        },
        "pco_xX3JMR": {
          "type": "pco",
          "settings": {
            "type": "short",
            "title": "Add Name",
            "options": "",
            "required": false,
            "show-check": true,
            "bm": 20,
            "visible": "product",
            "based": "",
            "products": ["men-striped-ringer-tee"],
            "meta": ""
          }
        },
        "pco_X8cM9w": {
          "type": "pco",
          "settings": {
            "type": "radio",
            "title": "Strip Colors",
            "options": "Black, Gray, White",
            "required": false,
            "show-check": true,
            "bm": 15,
            "visible": "product",
            "based": "",
            "products": ["men-striped-ringer-tee"],
            "meta": ""
          }
        },
        "pco_Q9LeDR": {
          "type": "pco",
          "settings": {
            "type": "file",
            "title": "Logo Image",
            "options": "option1, option2, option3",
            "required": false,
            "show-check": true,
            "bm": 30,
            "visible": "product",
            "based": "",
            "products": ["men-striped-ringer-tee"],
            "meta": ""
          }
        },
        "wishlist_aQWTED": {
          "type": "wishlist",
          "settings": {
            "askaboutproduct": true,
            "shippingpopup": true,
            "shippingpage": "delivary-and-returns",
            "bm": 10
          }
        },
        "product-form": {
          "type": "cta",
          "settings": {
            "qty_sel": true,
            "giftcard_recipient": true,
            "bm": 30,
            "bis": true,
            "bd": "#eeeeee",
            "bdr": 0
          }
        },
        "d33de9c7-9498-4084-8045-ea7cb7cec34e": {
          "type": "freeship",
          "settings": {
            "bm": 15
          }
        },
        "7da62210-79f5-40cd-88d9-008adfa782ab": {
          "type": "shiptime",
          "settings": {
            "estimate": "4\/10",
            "msg": "<i class=\"at at-clock-r\"><\/i> Expected Delivery on  [startdate] - [enddate].",
            "bm": 25
          }
        },
        "3e5ff436-8638-45b7-a3ce-b36263b34395": {
          "type": "img",
          "settings": {
            "title": "<span class=\"fw-500\">GUARANTEED SAFE CHECKOUT<\/span>",
            "pimg": "shopify:\/\/shop_images\/new-trust-badge.jpg",
            "pimg_url": "",
            "addbg": true,
            "bg": "#f5f5f5",
            "bg_rad": 0,
            "img_align": true,
            "bm": 15
          }
        },
        "9cbdef45-9088-401c-90c8-c807e38f6cd5": {
          "type": "complementary",
          "settings": {
            "pstyle": "st1",
            "title": "COMPLETE THE LOOK",
            "cl": "#000000",
            "lbg": "#fafafa",
            "fs": 15,
            "fsm": 14,
            "fw": "600",
            "grid": 3,
            "gridtb": 3,
            "gridmb": 2,
            "limit": 10,
            "bm": 0
          }
        }
      },
      "block_order": ["title", "3794d304-5ede-42ea-872e-bc1da0adbb2c", "price", "a2aade4c-547b-4aba-aacc-5d7c2f763857", "680b2e1a-82d6-4aad-9a5b-3344aae6a5aa", "43d9e0cf-f5b3-4270-bd73-3845bf580da3", "variants_Tn3fbd", "pco_xX3JMR", "pco_X8cM9w", "pco_Q9LeDR", "wishlist_aQWTED", "product-form", "d33de9c7-9498-4084-8045-ea7cb7cec34e", "7da62210-79f5-40cd-88d9-008adfa782ab", "3e5ff436-8638-45b7-a3ce-b36263b34395", "9cbdef45-9088-401c-90c8-c807e38f6cd5"],
      "settings": {
        "section_width": false,
        "npd": false
      }
    },
    "upsell": {
      "type": "upsell-bundle",
      "settings": {
        "title": "FREQUENTLY BOUGHT TOGETHER",
        "subtitle": "",
        "collection": "",
        "top-offeset": "default",
        "section_cov": true,
        "sec_bg_clr": "#fafafa",
        "bgg": "",
        "hidem": false
      }
    },
    "tabs": {
      "type": "product-tabs",
      "blocks": {
        "descriptions": {
          "type": "desc",
          "settings": {
            "title": "PRODUCT DETAILS"
          }
        },
        "spec_eyp8Bk": {
          "type": "spec",
          "settings": {
            "title": "SPECIFICATIONS",           
            "style": "2",
            "grid": 4,
            "tgrid": 3,
            "mgrid": 2,
            "bdr": "#f5f5f5"
          }
        },
        "review": {
          "type": "review",
          "settings": {
            "title": "REVIEWS",
            "otherapp": ""
          }
        },
        "0ffa6649-39c4-4d0d-a030-0b83e8ea10b2": {
          "type": "schart",
          "disabled": true,
          "settings": {
            "title": "SIZE & FIT"
          }
        },
        "ca4b9cc3-1de5-4957-9152-20d832cd0b41": {
          "type": "custom",
          "settings": {
            "title": "SHIPPING & RETURNS",
            "content": "<h4>Returns Policy<\/h4>\n\n<p>Lorem ipsum dolor sit amet, consectetur adipiscing elit. Fusce eros justo, accumsan non dui sit amet. Phasellus semper volutpat mi sed imperdiet. Ut odio lectus, vulputate non ex non, mattis sollicitudin purus. Mauris consequat justo a enim interdum, in consequat dolor accumsan. Nulla iaculis diam purus, ut vehicula leo efficitur at.<\/p>\n<p><br>Interdum et malesuada fames ac ante ipsum primis in faucibus. In blandit nunc enim, sit amet pharetra erat aliquet ac.<\/p>\n\n<h4>Shipping<\/h4>\n<p>Pellentesque ultrices ut sem sit amet lacinia. Sed nisi dui, ultrices ut turpis pulvinar. Sed fringilla ex eget lorem consectetur, consectetur blandit lacus varius. Duis vel scelerisque elit, et vestibulum metus. Integer sit amet tincidunt tortor. Ut lacinia ullamcorper massa, a fermentum arcu vehicula ut. Ut efficitur faucibus dui Nullam tristique dolor eget turpis consequat varius. Quisque a interdum augue. Nam ut nibh mauris.<\/p>"
          }
        },
        "richtext_c9MUj3": {
          "type": "richtext",
          "settings": {
            "title": "CUSTOM TAB",
            "content": "<p>Product custom tab is a useful tool that allows store to display different product details for each individual product. This feature provides a more comprehensive and tailored approach as it enables companies to showcase specific information related to their products. <\/p><p>It is an excellent way to provide customers with in-depth details such as ingredients, materials used, dimensions, and other specifications that are unique to each product. By using the product custom tab, businesses can ensure transparency and accuracy in providing product information, which builds trust and credibility among consumers. This feature also gives customers the opportunity to make informed decisions based on their preferences and needs.<\/p>"
          }
        },
        "faq_4H8pQ8": {
          "type": "faq",
          "settings": {
            "title": "FAQ's",
            "qcl": "#333",
            "qfs": 13,
            "qfsm": 13,
            "qfw": "600",
            "bdr": "#ddd"
          }
        }
      },
      "block_order": ["descriptions", "spec_eyp8Bk", "review", "0ffa6649-39c4-4d0d-a030-0b83e8ea10b2", "ca4b9cc3-1de5-4957-9152-20d832cd0b41", "richtext_c9MUj3", "faq_4H8pQ8"],
      "settings": {
        "section_width": false,
        "tab_style": "1",
        "tab_align": "left",
        "tfs": 13,
        "tff": "ft2",
        "tfw": "600",
        "cl": "#111111",
        "tbg": "#f5f5f5",
        "bdr": "#dddddd",
        "cla": "#111111",
        "tbga": "#ffffff",
        "bdra": "#dddddd",
        "bbrd": 0,
        "clm": "#000000",
        "tbgm": "#eeeeee",
        "bdrm": "#ffffff",
        "clam": "#eeeeee",
        "tbgam": "#000000",
        "bdram": "#eeeeee"
      }
    },
    "related-products": {
      "type": "related-products",
      "disabled": true,
      "settings": {
        "title": "Related Products",
        "subtitle": "",
        "section_width": false,
        "type": "1",
        "grid": 4,
        "tablet-grid": 3,
        "mobile-grid": 2,
        "row": "5",
        "autoplay": true,
        "speed": 5
      }
    },
    "recommendations": {
      "type": "product-recommendations",
      "settings": {
        "title": "RECOMMENDED PRODUCTS",
        "subtitle": "",
        "section_width": false,
        "grid": 4,
        "tablet-grid": 3,
        "mobile-grid": 2,
        "limit": "5",
        "enable_carousel": true,
        "autoplay": false,
        "speed": 5
      }
    },
    "recently-viewed": {
      "type": "recently-viewed",
      "settings": {
        "title": "RECENTLY VIEWED PRODUCTS",
        "subtitle": "",
        "section_width": false,
        "grid": 4,
        "tablet-grid": 3,
        "mobile-grid": 2,
        "recently_pr_limit": "5",
        "autoplay": false,
        "speed": 5
      }
    }
  },
  "order": ["product", "upsell", "tabs", "related-products", "recommendations", "recently-viewed"]
}
