{"current":{"layout_style":"normal","heading_weight":"600","section_heading_1_size":22,"enable_site_animation":false,"wishlist_page":"wishlist","en_searchwords":true,"srcprs":"hot-collection","show_product_review":true,"show_reviewgrid":false,"favicon":"shopify:\/\/shop_images\/favicon.png","favicon_retina":"shopify:\/\/shop_images\/favicon-152.png","hm_keywords":"Best Shopify Theme, Fashion theme, Electronics","hm_author":"Sanjay Khunt","dynamicTtl":true,"dynamicTxt1":"🔔 Don't forget this...","dynamicTxt2":"Come Back","free_ship":"free-shipping","free_ship_msg":"Spent $ more for free shipping","got_free_ship":"You have got <b>FREE SHIPPING<\/b>","terms_checkbox":false,"enable_birthdate":true,"body_font":"poppins_n4","header_font":"poppins_n4","type_base_size":13,"body_text_lh":1.6,"type_header_base_size_lh":1.4,"type_header_base_size":30,"type_header_base_size_2":26,"type_header_base_size_3":20,"type_header_base_size_4":15,"type_header_base_size_5":14,"type_header_base_size_6":13,"type_header_letter_space":2,"color_text":"#333333","color_text_field_text":"#444444","color_text_field":"#fff","field_bd":"#dddddd","btn_style":"flat","btn_ls":1,"color_button":"#111111","btn1_bd":"rgba(0,0,0,0)","color_button_text_hov":"#111","color_button_hov":"rgba(0,0,0,0)","btn1_bd_hover":"#111111","color_small_button_text":"#fff","color_small_button":"#F67280","btn2_bd":"rgba(0,0,0,0)","btn2_bd_hove":"rgba(0,0,0,0)","solid_btn_3":"#0dbdb9","solid_btn_3_b":"#0dbdb9","solid_btn_3_text_hov":"#fff","bdr_btn_2_text":"#F67280","bdr_btn_2":"#F67280","bdr_btn_2_text_hov":"#fff","bdr_btn_2_hov":"#F67280","link_btn_txt":"#f67280","link_btn_txt_hv":"#111111","navigation_font_size":12,"navigation_font_weight":"500","navigation_txt_case":"Uppercase","nav_h":55,"navbarbdr":"rgba(0,0,0,0)","navbar":"#fff","navbar_link":"#444","navbar_link_hv":"#f67280","nav_link_lbl":"#fff","nav_link_lbl1":"#50c2c2","nav_link_lbl2":"#8cbda7","nav_link_lbl3":"#f4aabb","nav_link_lbl4":"#f69189","nav_link_lbl5":"#c3a1c2","nav_shadow":true,"nav_mm_link":"#444444","nav_mm_link_hv":"#f67280","nav_mm_title":"#222222","nav_dd_link":"#444","nav_dd_link_hv":"#f67280","nav_dd_link_bghv":"#fafafa","nav_dd_divider":"#eeeeee","subnav_color_shade":"darken","sidebar_title":15,"h_weight":"600","sidebar_links_hv":"#f67280","footer_top_bdr":"#eee","footer_top_bg":"#fafafa","footer_title":"#000","foot_ttl_size":13,"top_footer_text":"#000","icon_colors":"#000","newsletter_input":"#fff","newsletter_btn":"#000","footer_bottom_bg":"#fafafa","footer_bottom_text":"#000","footer_border":"#eeeeee","font-style":"600","mob_browser":"#000","scroll_icon_colors":"#f77575","text_link":"#444","text_link_hv":"#f67280","color_borders":"#eeeeee","announcement":true,"announcement_mb":false,"announcement_txt":"<b>BLAZING FAST !<\/b> PURCHASE THIS INCREDIBLE THEME NOW <b> FOR THE SUCCESS OF YOUR BUSINESS !<\/b>","announcement_link":"https:\/\/1.envato.market\/KdyYx","annouance_bg":"#000","annouance_fs":12,"annouance_fsm":11,"min_h":40,"topbar":false,"topbar_fullwidth":false,"top_header_clr":"#111111","main_header_fullwidth":false,"logo":"shopify:\/\/shop_images\/footer-logo.png","logo_width":"90","header_height":"70","mobile_header_height":"50","sticky_logo_width":"90","sticky_header_height":"60","header_ico":"#444444","icon_size":16,"my_account_icn":"at at-user-expand","drawer_txt":"#444444","drawer_bdr":"#eeeeee","icon_style":"sq-bag","cart_count_clr":"#444444","icon_text_clr":"#444444","snow_effect":true,"giftwrap":true,"gift_product":"gift-wrapping","coupon":true,"cd_bdr":"#dddddd","grid_space":20,"primg_ratio":"130","primg_size":"cover","color_type":"color","vr_bg_position":"50% 50%","color_size":"small","swatch_rad":50,"acti_swatch_bdr_clr":"#000000","prttlcl":"#444444","prttlcla":"#f67280","pr_title_size":13,"pr_font_w":"500","Prod_price":14,"gprfw":"400","color_price_text":"#444444","color_sale_text":"#f77575","enable_quickshop":true,"prbox_btnbg":"#111111","prbox_btnbgh":"#f75b5b","grid_btn_style":4,"btn_mobiles":true,"grid_countdown_text":"#444444","grid_countdown_border":"#fff","prbox_bdr":"rgba(0,0,0,0)","icw":55,"hide_arrow":true,"sw_type":"vrimage","sw_size":"large","swbdr":0,"var_style":true,"swatch_bg":"#eeeeee","ac_swatch_bg":"#111","ac_swatch_txt":"#ffffff","swatch_bdr":"#eeeeee","ac_swatch_bdr":"#000000","sizechart_link":true,"sizechart_page":"size-chart","sharing_lbl":"Share:","spr_navigation":true,"dynamic_btn":true,"ctcl":"#333333","ctbg":"#f4f4f4","ctbga":"#111111","ctfs":15,"cart_bg":"#f5f5f5","cart_text":"#333333","cart_qty_bdr":"#dddddd","cart_btn_text":"#fff","cart_btn":"#e34848","currency_title":"CURRECNY","show_language":true,"language_title":"LANGUAGE","languages":"language","notify_collection":"hot-collection","notify_msg":"Someone liked and Bought","notify_delay":"5000","mailChimp_url":"\/\/adornthemes.us14.list-manage.com\/subscribe\/post?u=7871991105e328584f24626f6&amp;id=ca417a745e","newsltr-style":"style2","newsletter_img":"shopify:\/\/shop_images\/newsletter_540ef5d7-3eab-494d-8605-220423d4a674.jpg","newsletter_popup_title":"Join Our Mailing List","ttl1":28,"ttl1lh":1.2,"newsletter_popup_subtitle":"Stay Informed! Monthly Tips, <br>Tracks and Discount.","show_closetrext":true,"newsletter_social_icn":"#121212","social_twitter_link":"https:\/\/twitter.com\/adornthemes","social_facebook_link":"https:\/\/www.facebook.com\/adornthemes\/","social_pinterest_link":"https:\/\/in.pinterest.com\/adornthemes\/","social_instagram_link":"https:\/\/www.instagram.com\/adornthemes\/","top-information-bar":false,"checkout_logo_image":"shopify:\/\/shop_images\/footer-logo.png","checkout_logo_size":"small","checkout_button_color":"#121212","askaboutproduct":true,"shippingpage":"delivary-and-returns","annouance_pd":"style2","logosvg":"<svg version=\"1.1\" id=\"Layer_1\" xmlns=\"http:\/\/www.w3.org\/2000\/svg\" x=\"0px\" y=\"0px\" width=\"400px\" height=\"82px\" viewbox=\"0 0 400 82\" enable-background=\"new 0 0 400 82\" xmlns:xlink=\"http:\/\/www.w3.org\/1999\/xlink\" xml:space=\"preserve\">\n<text transform=\"matrix(1 0 0 1 69.7529 415.1504)\"><tspan x=\"0\" y=\"0\" font-family=\"'Poppins-ExtraBold'\" font-size=\"72\" letter-spacing=\"-3\">A<\/tspan><tspan x=\"50.544\" y=\"0\" font-family=\"'Poppins-ExtraBold'\" font-size=\"72\" letter-spacing=\"1\">V<\/tspan><tspan x=\"105.983\" y=\"0\" font-family=\"'Poppins-ExtraBold'\" font-size=\"72\" letter-spacing=\"3\">ONE<\/tspan><\/text>\n<g>\n\t<path d=\"M54.766,67.227H27.107L22.81,80.229H0L28.54,2.543h25.014l28.43,77.687h-22.92L54.766,67.227z M49.367,50.918\n\t\tl-8.375-25.345l-8.485,25.345H49.367z\"><\/path>\n\t<path d=\"M100.386,2.212l17.631,56.199l17.521-56.199h23.03l-26.667,78.018h-27.878L77.356,2.212H100.386z\"><\/path>\n\t<path d=\"M225.401,6.124c6.062,3.416,10.835,8.173,14.326,14.27c3.488,6.099,5.234,12.968,5.234,20.607\n\t\tc0,7.641-1.764,14.509-5.291,20.605c-3.527,6.099-8.318,10.854-14.381,14.27c-6.059,3.417-12.725,5.125-19.998,5.125\n\t\tc-7.272,0-13.959-1.708-20.057-5.125c-6.099-3.416-10.908-8.171-14.435-14.27c-3.527-6.097-5.288-12.965-5.288-20.605\n\t\tc0-7.64,1.761-14.509,5.288-20.607c3.527-6.097,8.336-10.854,14.435-14.27c6.098-3.416,12.784-5.125,20.057-5.125\n\t\tC212.637,0.999,219.342,2.708,225.401,6.124z M192.289,26.399c-3.159,3.564-4.741,8.43-4.741,14.602\n\t\tc0,6.023,1.582,10.836,4.741,14.435c3.157,3.601,7.491,5.399,13.003,5.399c5.435,0,9.733-1.799,12.893-5.399\n\t\tc3.156-3.599,4.738-8.411,4.738-14.435c0-6.172-1.563-11.037-4.684-14.602c-3.125-3.563-7.438-5.345-12.947-5.345\n\t\tC199.78,21.055,195.446,22.837,192.289,26.399z\"><\/path>\n\t<path d=\"M332.231,80.229h-21.707l-28.648-43.526v43.526h-21.711V2.322h21.711l28.648,44.077V2.322h21.707V80.229z\"><\/path>\n\t<path d=\"M371.462,19.513v12.893h25.232v16.419h-25.232v14.104H400v17.301h-50.249V2.212H400v17.301H371.462z\"><\/path>\n<\/g>\n<\/svg>","show_free_ship":false,"show_estimate_ship":false,"slideshow_text_1":16,"slideshow_text_2":47,"slideshow_text_2_lh":1.1,"slideshow_text_3":16,"slideshow_text_3_lh":1.1,"color_slideshow_image_overlay":"rgba(0,0,0,0)","image_slideshow_overlay_opacity":0,"display_overlay_mb":false,"tab_font_size":13,"pr_tab_txt":"#000","pr_tab_txt_ac":"#fff","pr_tab_brd":"rgba(0,0,0,0)","pr_tab_brd_ac":"rgba(0,0,0,0)","pr_tab_bg":"rgba(0,0,0,0)","pr_tab_ac_bg":"#000","text_size_content":14,"pbanner-title":30,"pbanner-des":16,"video_ttl":30,"cl_bnr_title":20,"color_style":"rounded_rectangle","Products_countdown_text_bg_opacity":75,"show_taxlbl":true,"spr_vendor":false,"enable_payment_button":false,"countdown_lbl":"Hurry up! Sales End In:","countdown_text":"#000","countdown_text_bg":"#f8f8f8","countdown_border":"#dddddd","sw_color_type":"vrimage","sw_color_size":"medium","sw_color_style":"rounded_rectangle","product_qunt_bg":"#000","trust_seal_img":"shopify:\/\/shop_images\/checkout.png","ctl-ttl":"COMPLETE THE LOOK","ctl-ttlft":16,"store_ft1":"","store_ft2":"","store_ft3":"","Prod_name_font_size":22,"prod_font_weight":"600","prod_title_transform":"capitalize","Prod_price_font_size":20,"prod_price_font_weight":"600","sprice":"#e34848","prTab_ft":13,"pr_tabs_bg_act":"#fff","pr_tabs_txt_act":"#000","dis_border":true,"pr_tabs_bdr":"#eeeeee","pr_tabs_bdr_act":"#dddddd","logo_height":"30","hero_text_size_heading":22,"hero_text_size_content":14,"color_image_overlay_text":"#000","text_bg_opacity":0.7,"Products_countdown_text_bg_opacity1":65,"sections":{"navigation":{"type":"navigation","blocks":{"1545200462991":{"type":"megamenu1","settings":{"title":"Home","url":"#","newtab":false,"mm_linklist":"demos","mmcolumns":4,"imgcall":"bottom","columnWidth":50,"mmimgcolumns":2,"imageTtl1":"","imageurl":"","megamenu2_image":"shopify:\/\/shop_images\/1_225471fe-6c08-4029-bfb4-52e675c5eb1f.jpg","imageTtl2":"","Image2url":"https:\/\/avone-demo.myshopify.com\/?_ab=0&_fd=0&_sc=1&preview_theme_id=83490242620","megamenu3_image":"shopify:\/\/shop_images\/2_b8d4ebf6-934c-4431-abfe-aeb0109b5182.jpg","imageTtl3":"","Image3url":"https:\/\/avon-demo.myshopify.com\/?_ab=0&_fd=0&_sc=1&preview_theme_id=73322332227","imageTtl4":"","Image4url":"","show_bdr":true,"img_rad":0,"custom_size":false,"mm_size":"700","mm_align":"left","box_sized":false}},"1560070247268":{"type":"megamenu1","settings":{"title":"Shop","url":"#","newtab":false,"mm_linklist":"shop-1","mmcolumns":4,"imgcall":"right","columnWidth":24,"mmimgcolumns":1,"megamenu1_image":"shopify:\/\/shop_images\/WOMXN.jpg","imageTtl1":"FLAT 50% OFF ON WOMENS","imageurl":"shopify:\/\/collections\/women","imageTtl2":"","Image2url":"","imageTtl3":"","Image3url":"","imageTtl4":"","Image4url":"","show_bdr":true,"img_rad":0,"custom_size":false,"mm_size":"800","mm_align":"left","box_sized":false}},"1560145007901":{"type":"megamenu1","settings":{"title":"Features [label1]","url":"#","newtab":false,"mm_linklist":"features","mmcolumns":5,"imgcall":"right","columnWidth":50,"mmimgcolumns":2,"imageTtl1":"","imageurl":"","imageTtl2":"","Image2url":"","imageTtl3":"","Image3url":"","imageTtl4":"","Image4url":"","show_bdr":true,"img_rad":0,"custom_size":false,"mm_size":"600","mm_align":"left","box_sized":false}},"760c08ba-361a-4c41-aced-6319a65c4cb0":{"type":"megamenu6","settings":{"title":"<span style=\"color:#bf1616;\">NEW IN<\/span>","url":"","newtab":false,"mm_linklist":"advance-menu","mmcolumns":2,"collection1":"hot-collection","collection2":"men","collection3":"bag","collection4":"accssories","collection5":"tops","collection6":"","collection7":"","collection8":"","collection9":"","collection10":"","grid":2,"prlimit":6,"columnWidth":50,"custom_size":false,"mm_size":"600","mm_align":"center","box_sized":false}},"1559988240897":{"type":"dropdown","settings":{"title":"Lookbook","url":"","mm_linklist":"lookbook"}},"1553256701490":{"type":"dropdown","settings":{"title":"Pages","url":"","mm_linklist":"pages"}},"1559992848977":{"type":"dropdown","settings":{"title":"Blog","url":"#","mm_linklist":"blog"}},"ff0e6f22-f740-4d49-9986-8cbc1de21b2e":{"type":"dropdown","settings":{"title":"Buy Now!","url":"https:\/\/1.envato.market\/KdyYx","mm_linklist":"buy-now"}}},"block_order":["1545200462991","1560070247268","1560145007901","760c08ba-361a-4c41-aced-6319a65c4cb0","1559988240897","1553256701490","1559992848977","ff0e6f22-f740-4d49-9986-8cbc1de21b2e"],"settings":{"menuarrow":false,"menuAlign":"tc","spnav":false,"mbmenu":"main-menu","nm_label1":"New","nm_label2":"Sale","nm_label3":"Hot","nm_label4":"Popular","nm_label5":"Trending"}},"footer":{"type":"footer","blocks":{"1561010286273":{"type":"custom","settings":{"title":"","logo":"shopify:\/\/shop_images\/footer-logo.png","logo-width":100,"custom-text":"<p>55 Gallaxy Enque,<br>\n2568 steet, 23568 NY<\/p>\n<p><b>Phone:<\/b> (440) 000 000 0000<\/p>\n<p><b>Email:<\/b> <a href=\"mailto:sales@yousite.com\">sales@yousite.com<\/a><\/p><p><\/p>","show_socials":true,"socials_ttl":"","txt_align":false,"width":"wd20-md"}},"1558678570770":{"type":"menu","settings":{"title":"INFORMATION","menulinks":"information","width":"wd20-md"}},"1558678581777":{"type":"menu","settings":{"title":"QUICK SHOP","menulinks":"quick-shop","width":"wd20-md"}},"1561010652330":{"type":"menu","settings":{"title":"CUSTOMER SERVICES","menulinks":"customer-service","width":"wd20-md"}},"1561010492149":{"type":"newsletter","settings":{"title":"NEWSLETTER","sub_title":"Enter your email to receive daily news and get 20% off coupon for all items.","show_socials":false,"socials_ttl":"Stay Connected","newltr_align":false,"width":"wd20-md"}}},"block_order":["1561010286273","1558678570770","1558678581777","1561010652330","1561010492149"],"settings":{"section_width":false,"copyright_text":"© 2024 Avone. All Rights Reserved.","show_designby":true,"show_payment":true,"payment_img_width":"350","snow_effect":false,"snow_style":"style1"}},"custom-colors":{"type":"custom-colors","blocks":{"1888fda2-fecc-4309-8739-4092a6f9dedf":{"type":"Color","settings":{"title1":"Red","color1":"#f05454","title2":"Emerald","color2":"#00646c","title3":"White\/Black","color3":"","image3":"shopify:\/\/shop_images\/White-Black_501ba5c3-86d5-4f37-99ea-a6671b3c4ea3.jpg","title4":"Sage","color4":"#8da29a","title5":"Olive Green","color5":"#bab86c","title6":"Blue","color6":"#77bff2","title7":"Green","color7":"#37b767","title8":"Camel","color8":"#df974d","title9":"Black\/Pink","color9":"","image9":"shopify:\/\/shop_images\/pink-black.jpg","title10":"Black\/Grey","color10":"","image10":"shopify:\/\/shop_images\/grey-black.jpg","title11":"Blue\/Red","color11":"","image11":"shopify:\/\/shop_images\/blue-red.jpg","title12":"","color12":"","title13":"","color13":"","title14":"","color14":"","title15":"","color15":""}}},"block_order":["1888fda2-fecc-4309-8739-4092a6f9dedf"],"settings":{"custom_colors":true}},"exit-product-popup":{"type":"exit-product-popup","settings":{"popup":true,"title":"<b class=\"fw-600 mb10\">Wait ! Before you go... This might interest you. <\/b>","subtitle":"We have some handpicked items for you","collection":"hot-collection","secondary_image":true,"show_vendor":false,"prlist_btn_show":false,"btn_mobiles":false,"show_view_all":"SHOP ALL","show_color_swatch":false,"color_type":"color","vr_bg_position":"50% 0","color_size":"small","prbox_style":"style1","grid":3,"tablet-grid":3,"mobile-grid":2,"rows":"5","autoplay":false,"autoplay_speed":5,"ex-index":true,"ex-product":false,"ex-collection":false,"ex-article":false,"ex-blog":false,"ex-cart":false,"ex-page":false}},"top-info-panel":{"type":"top-info-panel","blocks":{"9d25ae13-3b8f-463f-ac3e-39f431323d9b":{"type":"text_block","settings":{"title":"BIG OFFER - CYBER WEEK SALE. GET 50% OFF NOW.","align_text":"center","url":"https:\/\/1.envato.market\/KdyYx"}},"7a6e1646-de0a-4827-8a64-8ef87f32e710":{"type":"text_block","settings":{"title":"LOWEST PRICE OF THE YEAR - GET 50% OFF NOW.","align_text":"center","url":"https:\/\/1.envato.market\/KdyYx"}},"9d9f607e-1e06-4468-9b88-50fef0ca9307":{"type":"text_block","settings":{"title":"BIG OFFER - CYBER WEEK SALE. GET 50% OFF NOW.","align_text":"center","url":"https:\/\/1.envato.market\/KdyYx"}}},"block_order":["9d25ae13-3b8f-463f-ac3e-39f431323d9b","7a6e1646-de0a-4827-8a64-8ef87f32e710","9d9f607e-1e06-4468-9b88-50fef0ca9307"],"settings":{"fullwidth":true,"topbarmobile":false,"text_clr":"#ffffff","info_bg":"#d71111","grid":3,"info_font":12,"min_h":40,"m_text":true,"m_speed":18,"m_speedm":7}},"mobile-toolbar":{"type":"mobile-toolbar","blocks":{"home_AUcEYC":{"type":"home","settings":{"title":"HOME"}},"act_iQbGwW":{"type":"act","settings":{"title":"ACCOUNT"}},"wish_6xiiGh":{"type":"wish","settings":{"title":"WISHLIST"}},"cart_iE8BL8":{"type":"cart","settings":{"title":"CART"}},"src_i4rGdn":{"type":"src","settings":{"title":"SEARCH"}}},"block_order":["home_AUcEYC","act_iQbGwW","wish_6xiiGh","cart_iE8BL8","src_i4rGdn"],"settings":{"showmt":true,"hdtxt":false,"fsicon":14,"fs":10,"fw":"500","cl":"#ffffff","bg":"#111111","bgg":""}}},"content_for_index":[]},"presets":{}}